sequence,estimate,net charge (RHK vs DE)
YFRF,0.062104968,1
HRTVQMGSTWQRHAA,0.137480731,4
QKDGRVFIDNKRR,0.150996253,3
ISGNLARGLTLLSTAPRVGP,0.210223671,2
YSTHRRSR,0.116538696,4
LVGPVGLCNYIRLSTGLCQI,0.269110373,1
GTMLERRT,0.110297151,1
KYASIPDNVFGRR,0.210496174,2
TGTDYLQSGRPPGMRTFRLR,0.141223106,3
LPLRSADRFKTSMTEREVLT,0.276052211,1
KFLWCK,0.276600415,2
RFS,0.375473855,1
LGFFGNFMEVRPHSGDITRK,0.546958418,2
HGLLTSHTCMLFPVITFAWS,0.098932673,2
LDWWSRKRTLTCHFTMTGQL,0.114653328,3
LYHILLSWFSIIAWGGLHRG,0.202088564,3
GTHPGHFNVSTGEKAREPSG,0.31449593,2
RPGVWPGGWEEVLRRP,0.917596832,1
VQRVWGGGRSGSVTRPMSVA,0.379071676,3
KGVWVDGTASSGRYRNKYPE,0.185319539,2
FR,0.613544803,1
WDVRGAKRQHSSGVFLAREV,0.177382124,3
RFDGLWFRYRPRFPLTRRVK,0.096311067,6
CSLFRSPIRTPPIFLQRAHI,0.016760589,4
WYRCHARLRISVCDLYKMCC,0.110460249,4
PRQ,0.013980003,1
LAGRS,0.379071676,1
IQRLLSRRSHDPMRSSEASF,0.290623226,3
SRICLGLFG,0.148919298,1
HRSVISTQL,0.068373606,2
LYPNDSRHLLAIVISKTTNC,0.035576239,2
WTGSAWSVRGRFERDPTSTA,0.201472165,1
AIEIWHFGSASGGPPRGGTA,0.132240703,1
DPTRRCG,0.162850435,1
HWYTNWF,0.02696199,1
WRCATWVNIHGPRRFRSRPN,0.053173827,6
WGFFAVRL,0.228251023,1
LARIFSRVP,0.158165148,2
WCKFVRHVSK,0.256062658,4
SNRPLTWERLSCYVSGEKPG,0.035906345,1
GIYILKLLIF,0.017801874,1
RGCPVTPVT,0.01237203,1
AFFSAVFIGSVSTVMFIKDR,0.115561648,1
FEPQSVSRIGH,0.182482421,1
GEQTLPVFGMCSLAAKSGHR,0.095680578,2
ERSMGRPRENRQYENINRQH,0.0798896,3
K,0.016393033,1
RVNLHG,0.117197995,2
LCKYAVRNVSLRYAYESDLT,0.141215097,1
LPKGGSLRRFCATGWH,0.097171258,4
TLVLINRSSGPGVKEK,0.393297828,2
GRVVVRGKIRFTR,0.310574767,5
VSLLGLNIGTCGGRGTRRGL,0.074277582,3
WLRLTMLHPVSY,0.116362971,2
SGHGKGLFTGAHRFAQCRGH,0.024119862,6
ARFPLPVNRIGGRGP,0.001335743,3
AQHN,0.129456206,1
PTEATYARLFHINTRSGWSL,1.531550964,2
VRGRRPIGGVA,0.092071662,3
VGHPVWIRWRSPSPMFRHRV,0.133801568,6
HTWTMFANELPAFLPTTAMH,0.139270249,1
DHIFQLVGFRIHGRKFDHLI,0.162286595,4
VCNRCRSM,0.120985177,2
IGSTTSCMLLRTMHAP,0.055332838,2
SFHWKLMPWCLGLVCFQPSA,0.141223106,2
CGTSPSYTCVKAA,0.219062822,1
RVENHVSQQVLPRILSLSRG,0.332199793,3
CAFGAEVGRHPL,0.079747619,1
RCQ,0.053834892,1
LIAQTMLAPLTCRNGFQWLS,0.136605197,1
GTPLTKPAIRAKRTGSGQYN,0.347948266,4
LGRNSIW,0.188001841,1
LQGHTSGIPTSLTLCPAQVG,0.043602439,1
GPKPRMLREPYRSGRLTLPS,0.141224712,4
TTRA,0.196047784,1
AWTRCKE,0.083635734,1
NATGRAWCA,0.058810399,1
SIHGVDTGLVRFRREAKKIP,0.003358121,4
YCNKSSPCGMRLIGVRTVPV,0.299798004,3
RSHYRVLGVLGEVTLGVSIR,0.137333274,3
KYLYKGNSTRVRVTSCQRTR,0.083146121,6
RGKPKARGRRISTINKQLSE,0.141222159,6
FFRSMVSP,0.12180467,1
KRAYFI,0.496531352,2
GRLVFA,0.004382942,1
IVRVFHNDLSDYWAHDWRVP,0.064055416,1
RMDNVSKRADKS,0.276052211,2
NLAQVVPPWHKSACPREGGP,0.03244537,2
SVWGFFAWGGTRFKPDVCSY,0.351433034,1
AIGEQPVMGLLPGGSKVFTR,0.057427889,1
LDHRKQRDANLVGVWSSNHQ,0.137148028,3
TYTPACWQYPARTWHGSGGL,0.427808628,2
KIITSKWF,0.065515621,2
ASSAIRNYTDISVTCEHLRR,0.092634344,2
TPSLATSCNTPWTVLSPVHF,3.324658545,1
GRSESCTTVAMFMSRP,0.121027945,1
PYMSFSAVHRASLMRTCRVN,0.026920751,4
NTRYMTLEGVRI,0.039329281,1
RGLRE,0.003999823,1
EKSRHQYEGLLSTEWRFSSL,0.380681202,1
RKGVDRAPTSAERRIKIELE,0.043600074,2
KATTGGILKKEDSRHVKTCH,0.162328038,5
HNCWAGG,0.070902247,1
ACSAPCTLSAVSCRQLVNSL,0.239393587,1
MGWIPAFMGPHNKRGSLAKL,0.290623344,4
CVHAAK,0.043261345,2
LPWSGR,0.092386133,1
MAIWGYAIPRRRDTSCGQGR,0.053591301,3
DSARDEKWNVSERLRLASLR,0.19145196,1
RGGWVLTRRTCAVMCVFLSI,1.180628702,3
TYWQLMCCSSALMPVVNHCH,0.162841993,2
SWNVHLGYPTAGN,2.404188993,1
ISGSYSKKLG,0.029777206,2
LMIRYRGDPALLVECKARRA,0.505339769,3
VLRLRLNDPN,0.111591211,1
IWAILIQAVANKLVCRLSSC,0.263445353,2
AAATLGCRLNTK,0.089953856,2
GEKFHQVTRVPSRAWPFGLN,0.055322618,3
CDRSAFSAQTQRCWSILRWL,0.256062658,2
SWKWS,0.193900286,1
SVQSALREMRRLIHINPVND,0.290622015,2
AH,0.202094128,1
PNGYRHKA,0.003037402,3
TRVTSILISVVPRQRVCHIG,0.25059719,4
KRDRWPGAGYGRYVDQPIRL,0.088582964,3
RKRTGISLV,0.230949563,3
VIRQRLR,0.040244922,3
RLRSVGERP,0.312368212,2
ACKYHYRGC,0.227349786,3
TEFISMPRVPHRF,0.043602439,2
TSR,0.31349319,1
HIQSPYPGSPWSLGYISL,0.015653766,1
PDVRLENIAFFVTPTSHYHV,0.016822706,1
PWVIPRREDSTIQLLRP,0.077382871,1
RPQSVLKNAGRLGKR,0.022871532,5
CGRKYAGLALSNYIPLIPDG,0.141222159,1
NAIGMHDKCCRTEGVLWIPA,0.017803477,1
SMGDSSRARFL,0.127388733,1
TTKWTIDCKSHQ,0.016193359,2
LESYVYPVGTAWLCRTYRTH,0.239035888,2
HEGLPQRTWSKKIRYDLKQK,10.52641466,5
GTKFHVPWGNS,0.073114078,2
GLRDQELGRRKDSRPYMA,0.191646747,2
WPSAQHTPSLATR,0.095916529,2
VGCLPYKVKCSSQTPSRTTC,0.199027362,3
SRP,0.017796168,1
ELTSKHSRCALNKLASRGSR,0.162835324,5
RVVPRA,0.178187297,2
RSHMDFLRCTSPQLREMLCP,0.31349319,2
VPRRYNNASHTD,0.013618431,2
AMIFR,0.31349319,1
SRFLAYWSVERF,0.057348523,1
VSRGLAFGLRLTTASSFHFH,0.06982502,4
DRGTQHWPDSGR,0.173971477,1
GNVRHNTSISSRLILFCQFL,0.00137752,3
GLMQLIRPKLA,0.224643921,2
TTQLGFHPGTVLVGVLLTIK,0.472396626,2
GPRVPWTPTEIRRSRLFSST,0.06591183,3
KP,14.74334067,1
LRKALELVEQVVFTSRCQRA,0.073504331,2
HTS,3.769635988,1
KLL,0.002642274,1
FR,0.215171874,1
HAPCGQLSFRRQDAVPLKFA,0.013200124,3
CDRLHRCEMRRLAIYHTR,0.007907071,5
TELTRAKGYVQEGVHLP,0.044916277,1
SWSFRSVPGRVSA,0.210332567,2
PPESEFCQRRVSRGGNCVLT,0.128387137,1
RKY,0.141215097,2
HQEHRCRVPVTVQEVDIRKF,0.168151996,3
TSFAMLRGARSITSQSIF,0.031632028,2
MDAWVLEAPIWPRRRHVAQG,0.188798456,2
TRGTAHNGTVEWGLGAH,0.245647971,2
KNHRHKVPQRS,0.171280797,6
QYKEHPSTLAGPTDYTGRPV,0.238404754,1
HRKRSSNVSPGPLWRKPASN,0.1209333,6
TVSFYRSNP,0.123698036,1
VIVSRILLKGLWELGTLGRY,0.185757012,2
NLSRHGKITDLHSTYPFCCE,0.286161323,2
WSQKFYGGLGHIRSGLGHSF,2.351456806,4
RGRNVMVP,0.246830502,2
RPSVGKPCTRWPLKDPSQRL,0.404803105,4
VIVAYQSSEVRTGSRSFLGH,0.414573011,2
NLNGLPNLTRRGIHAARLKG,0.15320662,5
GFWGSCAVHYLGHAIGSWRH,0.042152526,4
FNTVTRIGVIRPVRNAPSSV,0.531745945,3
WRRASCSVQAMGSGLL,0.572199854,2
DLHWFATSLGNATR,0.042551966,1
PSWMPEYPRTLVVAR,0.152593315,1
GSSIQSQGYPGLVGSSHRLE,0.074114258,1
FEVYEITRAPASHGRTTCRV,0.472376477,2
RYRIVHGGRTQASRKFGSGP,0.117573789,6
LQLWCPRTGTNGVAVRRLST,0.069299827,3
LGGCIYMPGSFKTRMGERR,0.196047784,3
VSVRCHGSDS,0.123852862,1
RNAG,0.090056414,1
IRYPPLT,0.14420575,1
KRWFVGVFV,0.08954965,2
NIIKRLVLDGTFTISYGI,0.1345151,1
KGVSWP,0.196047784,1
LVFHAPRSIARAPWSTSLPS,0.141222159,3
KHGGLRLICISMGSFSQIDA,0.276052211,2
PHCISRASVRNIHRPLDRVV,0.141217776,5
KLQIASKDKVKEIGRERNC,0.073751066,3
RGRIKTTGIPNMYAYVSLGR,0.601368345,4
RQSGPLGKRARTFSFMPVPL,0.13566412,4
RGYAS,0.624674198,1
GLKSTTAGGAIALRRTADKH,0.179977347,4
GVLIGHHCEWSWVCPCSF,0.227568639,1
VRVPRYFRVDYTTL,0.190294025,2
R,0.086081421,1
R,1.43433968,1
YVTRQFCIEVLPVARGFPRI,0.104379494,2
SRPPVSSFGI,0.358689641,1
YKNQRNSRTTGRGLQ,0.032175383,4
NRQYFQNSGVMRGVLSALYT,0.689463581,2
DRAAIWLYGRFSTDSARLV,0.31349319,1
TGRLRCISGGEKERA,0.017794479,2
AVPRCLRAYGLHPGGS,0.376387404,3
FHTPPRLAIKFFVSAS,0.049553476,3
PKAVRMRGSKAPSVRLPGSK,0.023334343,6
ERQGHSARIRQPAHSIILGC,0.24622915,4
RRTIFGCG,0.242077859,2
PHKKRPLGRRQ,0.020576605,6
FEFGKLRPGTRLTVGHRPEA,0.045814009,3
R,0.170145986,1
QGYKRGV,0.051377239,2
QGGYRDSCLKCYLFGV,0.220641321,1
NMQEHIPKWHDREFLLGGIF,0.141217776,1
PSMHLIQRYKCLSTIFADGG,0.151008501,2
RQTKGTGMHQREQSMVCISF,0.212312396,3
QNVRGLLDRRLLEVRFGYCL,0.485785978,2
EPWLSHPTIPCTWRKDWSI,2.51392191,1
IMYAWFDPPRSKFCPGALLA,0.122323184,1
MTSCNTCHMSLSGQPAPSVS,0.370918528,1
GWVKLMFRRLKVGDYNNQLN,0.129936976,3
IEGFHSKRRRAMDIESGFQF,0.980872016,2
FMCLESVLAKPKSVSPPPDH,0.022598877,1
VVARRPFMTRLGVFNCERPR,0.655283581,4
DMFSSRRLSYYERRPKRRDV,0.376387404,4
NVHGQTSHTDPGFVSIWYLR,0.176353714,2
INYVHPQRASVVSWLGKPVH,0.486475567,4
DVCGADKRAKIDVHIGVWSV,0.150998023,1
GYGRGTERAHTAGVIGYHWA,0.071876362,3
EMILVGREAAKRFMLCVP,0.122744634,1
PLLGLHWSKGLSVLWQ,0.029364301,2
RSWQTNNRTA,0.143791571,2
PGHQTPHRDFVW,0.035157939,2
KHKRHPVRGSNWSVVGYAED,0.141896028,4
GLGNRQF,0.113881094,1
FRRSRQCARYNLFQNNRRCP,0.566085326,6
LALCGKRLWRNIRAPCDGSI,0.139138805,3
TIRFKNGHGRVPRYMGRKLW,0.0518955,7
RNVGGIGKWMCLVTMRWTTA,0.495971351,3
KIERCGKRHLGRTGQMSPNI,0.017794479,5
TCDAVEIKAHCQIGLRRSTR,0.141223106,3
RVKMMSESWTSRILDV,0.116092241,1
ARTFSGKFPSQSLPTLLSVA,0.136974109,2
RRVY,0.072553291,2
LSHQLGGGGTLF,0.23563904,1
CWKLTSYNYSGWPSPRPLSG,0.035573045,2
SWLGVICRSSASSLIIRDRF,0.031720376,2
GLLDHEFANTVGSKWSRLRK,0.038150821,3
VLKEKVLF,0.192224997,1
RSRRDLGLPLGGCVSLRSVH,0.111282161,4
IPRKCVRGRCEVLDERTVAA,0.141223106,2
MCNR,0.193902438,1
YHFDRAAARRQDKAHKN,4.834479217,5
RIKFV,0.727986166,2
NVKSL,0.190294025,1
SSGWNGREIRSSFQRVLDAC,0.017796168,1
RDLGVKRRIALPIRHGALEC,0.141215097,4
ALKLGSLSWALHGQYTDLRS,0.104323583,2
LWRIGLGSSGLARRRKLRLN,0.074997735,6
GCTFKGCGSSRR,0.313491671,3
RMLRYGVTLTITHGLLIPCY,0.004386259,3
LMGVVRRPRVQLYR,0.313488829,4
VLIDRFLGHTYFRESRDFCL,0.271954936,1
RYHWRGGQGI,0.356056638,3
AYFTRTSGRSTVGPV,0.245999021,2
RMGLFGIYGSVGIYIAVYLS,0.130972334,1
PGDLLPRGVYWSFVLRIYTP,0.280809305,1
SNRRTLISYRSPRVRPGCLT,0.049835143,5
RDAGSYGNQQNWIARACMGI,1.69081173,1
VIDTDRSGVVRKVVDHRPPA,0.017843857,2
GSIRH,0.742660836,2
RPYRGRRGSAHIFSVQETS,0.008180652,4
VHSLSQKYGPRGTIQYRNTP,0.190294025,4
SGSARARAYVLNRAHRLPWA,0.242077859,5
PLCYRSSNI,0.035573045,1
GMRA,0.035573045,1
KWTSLWTTTSSSSTSWRLHD,6.89164133,2
FDINRSLDGFFRAANSHFRD,0.005802419,1
VGGLETCASLPTSGTHYVLR,0.035576171,1
GLKPCRTPPHHSFNGQTSTR,0.150567343,5
PVCARVWVNVSPQMGT,0.017821148,1
LPFRRVADRVGGLARREEYG,0.202085369,2
YNRGGIKTQQGAGWYATVPR,0.052025553,3
