sequence,estimate,Net charge (RK vs DE)
YFRF,0.062104968,1
HRTVQMGSTWQRHAA,0.137480731,2
QKDGRVFIDNKRR,0.150996253,3
ISGNLARGLTLLSTAPRVGP,0.210223671,2
YSTHRRSR,0.116538696,3
LVGPVGLCNYIRLSTGLCQI,0.269110373,1
GTMLERRT,0.110297151,1
KYASIPDNVFGRR,0.210496174,2
TGTDYLQSGRPPGMRTFRLR,0.141223106,3
LPLRSADRFKTSMTEREVLT,0.276052211,1
KFLWCK,0.276600415,2
RFS,0.375473855,1
LGFFGNFMEVRPHSGDITRK,0.546958418,1
LDWWSRKRTLTCHFTMTGQL,0.114653328,2
LYHILLSWFSIIAWGGLHRG,0.202088564,1
RPGVWPGGWEEVLRRP,0.917596832,1
VQRVWGGGRSGSVTRPMSVA,0.379071676,3
KGVWVDGTASSGRYRNKYPE,0.185319539,2
FR,0.613544803,1
WDVRGAKRQHSSGVFLAREV,0.177382124,2
RFDGLWFRYRPRFPLTRRVK,0.096311067,6
CSLFRSPIRTPPIFLQRAHI,0.016760589,3
WYRCHARLRISVCDLYKMCC,0.110460249,3
PRQ,0.013980003,1
LAGRS,0.379071676,1
IQRLLSRRSHDPMRSSEASF,0.290623226,2
SRICLGLFG,0.148919298,1
HRSVISTQL,0.068373606,1
LYPNDSRHLLAIVISKTTNC,0.035576239,1
WTGSAWSVRGRFERDPTSTA,0.201472165,1
DPTRRCG,0.162850435,1
WRCATWVNIHGPRRFRSRPN,0.053173827,5
WGFFAVRL,0.228251023,1
LARIFSRVP,0.158165148,2
WCKFVRHVSK,0.256062658,3
SNRPLTWERLSCYVSGEKPG,0.035906345,1
GIYILKLLIF,0.017801874,1
RGCPVTPVT,0.01237203,1
AFFSAVFIGSVSTVMFIKDR,0.115561648,1
GEQTLPVFGMCSLAAKSGHR,0.095680578,1
ERSMGRPRENRQYENINRQH,0.0798896,2
K,0.016393033,1
RVNLHG,0.117197995,1
LCKYAVRNVSLRYAYESDLT,0.141215097,1
LPKGGSLRRFCATGWH,0.097171258,3
TLVLINRSSGPGVKEK,0.393297828,2
GRVVVRGKIRFTR,0.310574767,5
VSLLGLNIGTCGGRGTRRGL,0.074277582,3
WLRLTMLHPVSY,0.116362971,1
SGHGKGLFTGAHRFAQCRGH,0.024119862,3
ARFPLPVNRIGGRGP,0.001335743,3
PTEATYARLFHINTRSGWSL,1.531550964,1
VRGRRPIGGVA,0.092071662,3
VGHPVWIRWRSPSPMFRHRV,0.133801568,4
DHIFQLVGFRIHGRKFDHLI,0.162286595,1
VCNRCRSM,0.120985177,2
IGSTTSCMLLRTMHAP,0.055332838,1
SFHWKLMPWCLGLVCFQPSA,0.141223106,1
CGTSPSYTCVKAA,0.219062822,1
RVENHVSQQVLPRILSLSRG,0.332199793,2
RCQ,0.053834892,1
LIAQTMLAPLTCRNGFQWLS,0.136605197,1
GTPLTKPAIRAKRTGSGQYN,0.347948266,4
LGRNSIW,0.188001841,1
GPKPRMLREPYRSGRLTLPS,0.141224712,4
TTRA,0.196047784,1
AWTRCKE,0.083635734,1
NATGRAWCA,0.058810399,1
SIHGVDTGLVRFRREAKKIP,0.003358121,3
YCNKSSPCGMRLIGVRTVPV,0.299798004,3
RSHYRVLGVLGEVTLGVSIR,0.137333274,2
KYLYKGNSTRVRVTSCQRTR,0.083146121,6
RGKPKARGRRISTINKQLSE,0.141222159,6
FFRSMVSP,0.12180467,1
KRAYFI,0.496531352,2
GRLVFA,0.004382942,1
RMDNVSKRADKS,0.276052211,2
NLAQVVPPWHKSACPREGGP,0.03244537,1
SVWGFFAWGGTRFKPDVCSY,0.351433034,1
AIGEQPVMGLLPGGSKVFTR,0.057427889,1
LDHRKQRDANLVGVWSSNHQ,0.137148028,1
TYTPACWQYPARTWHGSGGL,0.427808628,1
KIITSKWF,0.065515621,2
ASSAIRNYTDISVTCEHLRR,0.092634344,1
GRSESCTTVAMFMSRP,0.121027945,1
PYMSFSAVHRASLMRTCRVN,0.026920751,3
NTRYMTLEGVRI,0.039329281,1
RGLRE,0.003999823,1
RKGVDRAPTSAERRIKIELE,0.043600074,2
KATTGGILKKEDSRHVKTCH,0.162328038,3
ACSAPCTLSAVSCRQLVNSL,0.239393587,1
MGWIPAFMGPHNKRGSLAKL,0.290623344,3
CVHAAK,0.043261345,1
LPWSGR,0.092386133,1
MAIWGYAIPRRRDTSCGQGR,0.053591301,3
DSARDEKWNVSERLRLASLR,0.19145196,1
RGGWVLTRRTCAVMCVFLSI,1.180628702,3
ISGSYSKKLG,0.029777206,2
LMIRYRGDPALLVECKARRA,0.505339769,3
VLRLRLNDPN,0.111591211,1
IWAILIQAVANKLVCRLSSC,0.263445353,2
AAATLGCRLNTK,0.089953856,2
GEKFHQVTRVPSRAWPFGLN,0.055322618,2
CDRSAFSAQTQRCWSILRWL,0.256062658,2
SWKWS,0.193900286,1
SVQSALREMRRLIHINPVND,0.290622015,1
PNGYRHKA,0.003037402,2
TRVTSILISVVPRQRVCHIG,0.25059719,3
KRDRWPGAGYGRYVDQPIRL,0.088582964,3
RKRTGISLV,0.230949563,3
VIRQRLR,0.040244922,3
RLRSVGERP,0.312368212,2
ACKYHYRGC,0.227349786,2
TEFISMPRVPHRF,0.043602439,1
TSR,0.31349319,1
PWVIPRREDSTIQLLRP,0.077382871,1
RPQSVLKNAGRLGKR,0.022871532,5
CGRKYAGLALSNYIPLIPDG,0.141222159,1
SMGDSSRARFL,0.127388733,1
TTKWTIDCKSHQ,0.016193359,1
LESYVYPVGTAWLCRTYRTH,0.239035888,1
HEGLPQRTWSKKIRYDLKQK,10.52641466,4
GTKFHVPWGNS,0.073114078,1
GLRDQELGRRKDSRPYMA,0.191646747,2
WPSAQHTPSLATR,0.095916529,1
VGCLPYKVKCSSQTPSRTTC,0.199027362,3
SRP,0.017796168,1
ELTSKHSRCALNKLASRGSR,0.162835324,4
RVVPRA,0.178187297,2
RSHMDFLRCTSPQLREMLCP,0.31349319,1
VPRRYNNASHTD,0.013618431,1
AMIFR,0.31349319,1
SRFLAYWSVERF,0.057348523,1
VSRGLAFGLRLTTASSFHFH,0.06982502,2
GNVRHNTSISSRLILFCQFL,0.00137752,2
GLMQLIRPKLA,0.224643921,2
TTQLGFHPGTVLVGVLLTIK,0.472396626,1
GPRVPWTPTEIRRSRLFSST,0.06591183,3
KP,14.74334067,1
LRKALELVEQVVFTSRCQRA,0.073504331,2
KLL,0.002642274,1
FR,0.215171874,1
HAPCGQLSFRRQDAVPLKFA,0.013200124,2
CDRLHRCEMRRLAIYHTR,0.007907071,3
SWSFRSVPGRVSA,0.210332567,2
PPESEFCQRRVSRGGNCVLT,0.128387137,1
RKY,0.141215097,2
HQEHRCRVPVTVQEVDIRKF,0.168151996,1
TSFAMLRGARSITSQSIF,0.031632028,2
MDAWVLEAPIWPRRRHVAQG,0.188798456,1
KNHRHKVPQRS,0.171280797,4
HRKRSSNVSPGPLWRKPASN,0.1209333,5
TVSFYRSNP,0.123698036,1
VIVSRILLKGLWELGTLGRY,0.185757012,2
WSQKFYGGLGHIRSGLGHSF,2.351456806,2
RGRNVMVP,0.246830502,2
RPSVGKPCTRWPLKDPSQRL,0.404803105,4
VIVAYQSSEVRTGSRSFLGH,0.414573011,1
NLNGLPNLTRRGIHAARLKG,0.15320662,4
GFWGSCAVHYLGHAIGSWRH,0.042152526,1
FNTVTRIGVIRPVRNAPSSV,0.531745945,3
WRRASCSVQAMGSGLL,0.572199854,2
PSWMPEYPRTLVVAR,0.152593315,1
FEVYEITRAPASHGRTTCRV,0.472376477,1
RYRIVHGGRTQASRKFGSGP,0.117573789,5
LQLWCPRTGTNGVAVRRLST,0.069299827,3
LGGCIYMPGSFKTRMGERR,0.196047784,3
RNAG,0.090056414,1
IRYPPLT,0.14420575,1
KRWFVGVFV,0.08954965,2
NIIKRLVLDGTFTISYGI,0.1345151,1
KGVSWP,0.196047784,1
LVFHAPRSIARAPWSTSLPS,0.141222159,2
KHGGLRLICISMGSFSQIDA,0.276052211,1
PHCISRASVRNIHRPLDRVV,0.141217776,3
KLQIASKDKVKEIGRERNC,0.073751066,3
RGRIKTTGIPNMYAYVSLGR,0.601368345,4
RQSGPLGKRARTFSFMPVPL,0.13566412,4
RGYAS,0.624674198,1
GLKSTTAGGAIALRRTADKH,0.179977347,3
VRVPRYFRVDYTTL,0.190294025,2
R,0.086081421,1
R,1.43433968,1
YVTRQFCIEVLPVARGFPRI,0.104379494,2
SRPPVSSFGI,0.358689641,1
YKNQRNSRTTGRGLQ,0.032175383,4
NRQYFQNSGVMRGVLSALYT,0.689463581,2
DRAAIWLYGRFSTDSARLV,0.31349319,1
TGRLRCISGGEKERA,0.017794479,2
AVPRCLRAYGLHPGGS,0.376387404,2
FHTPPRLAIKFFVSAS,0.049553476,2
PKAVRMRGSKAPSVRLPGSK,0.023334343,6
ERQGHSARIRQPAHSIILGC,0.24622915,2
RRTIFGCG,0.242077859,2
PHKKRPLGRRQ,0.020576605,5
FEFGKLRPGTRLTVGHRPEA,0.045814009,2
R,0.170145986,1
QGYKRGV,0.051377239,2
QGGYRDSCLKCYLFGV,0.220641321,1
PSMHLIQRYKCLSTIFADGG,0.151008501,1
RQTKGTGMHQREQSMVCISF,0.212312396,2
QNVRGLLDRRLLEVRFGYCL,0.485785978,2
IMYAWFDPPRSKFCPGALLA,0.122323184,1
GWVKLMFRRLKVGDYNNQLN,0.129936976,3
IEGFHSKRRRAMDIESGFQF,0.980872016,1
VVARRPFMTRLGVFNCERPR,0.655283581,4
DMFSSRRLSYYERRPKRRDV,0.376387404,4
INYVHPQRASVVSWLGKPVH,0.486475567,2
GYGRGTERAHTAGVIGYHWA,0.071876362,1
EMILVGREAAKRFMLCVP,0.122744634,1
PLLGLHWSKGLSVLWQ,0.029364301,1
RSWQTNNRTA,0.143791571,2
KHKRHPVRGSNWSVVGYAED,0.141896028,2
GLGNRQF,0.113881094,1
FRRSRQCARYNLFQNNRRCP,0.566085326,6
LALCGKRLWRNIRAPCDGSI,0.139138805,3
TIRFKNGHGRVPRYMGRKLW,0.0518955,6
RNVGGIGKWMCLVTMRWTTA,0.495971351,3
KIERCGKRHLGRTGQMSPNI,0.017794479,4
TCDAVEIKAHCQIGLRRSTR,0.141223106,2
RVKMMSESWTSRILDV,0.116092241,1
ARTFSGKFPSQSLPTLLSVA,0.136974109,2
RRVY,0.072553291,2
CWKLTSYNYSGWPSPRPLSG,0.035573045,2
SWLGVICRSSASSLIIRDRF,0.031720376,2
GLLDHEFANTVGSKWSRLRK,0.038150821,2
VLKEKVLF,0.192224997,1
RSRRDLGLPLGGCVSLRSVH,0.111282161,3
IPRKCVRGRCEVLDERTVAA,0.141223106,2
MCNR,0.193902438,1
YHFDRAAARRQDKAHKN,4.834479217,3
RIKFV,0.727986166,2
NVKSL,0.190294025,1
SSGWNGREIRSSFQRVLDAC,0.017796168,1
RDLGVKRRIALPIRHGALEC,0.141215097,3
ALKLGSLSWALHGQYTDLRS,0.104323583,1
LWRIGLGSSGLARRRKLRLN,0.074997735,6
GCTFKGCGSSRR,0.313491671,3
RMLRYGVTLTITHGLLIPCY,0.004386259,2
LMGVVRRPRVQLYR,0.313488829,4
RYHWRGGQGI,0.356056638,2
AYFTRTSGRSTVGPV,0.245999021,2
RMGLFGIYGSVGIYIAVYLS,0.130972334,1
PGDLLPRGVYWSFVLRIYTP,0.280809305,1
SNRRTLISYRSPRVRPGCLT,0.049835143,5
RDAGSYGNQQNWIARACMGI,1.69081173,1
VIDTDRSGVVRKVVDHRPPA,0.017843857,1
GSIRH,0.742660836,1
RPYRGRRGSAHIFSVQETS,0.008180652,3
VHSLSQKYGPRGTIQYRNTP,0.190294025,3
SGSARARAYVLNRAHRLPWA,0.242077859,4
PLCYRSSNI,0.035573045,1
GMRA,0.035573045,1
KWTSLWTTTSSSSTSWRLHD,6.89164133,1
GLKPCRTPPHHSFNGQTSTR,0.150567343,3
PVCARVWVNVSPQMGT,0.017821148,1
LPFRRVADRVGGLARREEYG,0.202085369,2
YNRGGIKTQQGAGWYATVPR,0.052025553,3
