"","name","sequence"
"1","CREBZF","GGGGGGGGGGGGGDLMNRIV"
"2","CREBZF","GGGGGGGGGGGGGDIMQQMI"
"3","CREBZF","GGGGGGGGGGGGGDIITNVI"
"4","CREBZF","GGGGGGGGGGGGGDILKNVM"
"5","CREBZF","GGGGGGGGGGGGGDVLRTIY"
"6","CREBZF","GGGGGGGGGGGGGDIVYDLF"
"7","CREBZF","GGGGGGGGGGGGGDIMQNLM"
"8","CREBZF","GGGGGGGGGGGGGDLLQRII"
"9","CREBZF","GGGGGGGGGGGGGDLVHKVF"
"10","CREBZF","GGGGGGGGGGGGGDIVEYMW"
"11","CREBZF","GGGGGGGGGGGGGDILKDII"
"12","CREBZF","GGGGGGGGGGGGGDILDDIL"
"13","CREBZF","GGGGGGGGGGGGGDMLQQVL"
"14","CREBZF","GGGGGGGGGGGGGDVVQNIL"
"15","CREBZF","GGGGGGGGGGGGGDLMNYMV"
"16","CREBZF","GGGGGGGGGGGGGDIMSEVY"
"17","CREBZF","GGGGGGGGGGGGGDVLYCVY"
"18","CREBZF","GGGGGGGGGGGGGDLLTTVM"
"19","CREBZF","GGGGGGGGGGGGGDLITHMM"
"20","CREBZF","GGGGGGGGGGGGGDVMKSLI"
"21","CREBZF","GGGGGGGGGGGGGDLMEKIL"
"22","CREBZF","GGGGGGGGGGGGGDIMKTMY"
"23","CREBZF","GGGGGGGGGGGGGDMMQCIY"
"24","CREBZF","GGGGGGGGGGGGGDIINNMI"
"25","CREBZF","GGGGGGGGGGGGGDVVNTMW"
"26","CREBZF","GGGGGGGGGGGGGDIMEDIY"
"27","CREBZF","GGGGGGGGGGGGGDIIENLY"
"28","CREBZF","GGGGGGGGGGGGGDVINCLV"
"29","CREBZF","GGGGGGGGGGGGGDIIDYLF"
"30","CREBZF","GGGGGGGGGGGGGDLIHKMW"
"31","CREBZF","GGGGGGGGGGGGGDMISTII"
"32","CREBZF","GGGGGGGGGGGGGDMVYNLW"
"33","CREBZF","GGGGGGGGGGGGGDILDYMI"
"34","CREBZF","GGGGGGGGGGGGGDMLYQMM"
"35","CREBZF","GGGGGGGGGGGGGDMLHDLW"
"36","CREBZF","GGGGGGGGGGGGGDMMYSLM"
"37","CREBZF","GGGGGGGGGGGGGDLMQKVI"
"38","CREBZF","GGGGGGGGGGGGGDMVRQIW"
"39","CREBZF","GGGGGGGGGGGGGDVLEQLW"
"40","CREBZF","GGGGGGGGGGGGGDMVCNLW"
"41","CREBZF","GGGGGGGGGGGGGDVMSSLW"
"42","CREBZF","GGGGGGGGGGGGGDMIEHMW"
"43","CREBZF","GGGGGGGGGGGGGDLIRYIV"
"44","CREBZF","GGGGGGGGGGGGGDLLYYMV"
"45","CREBZF","GGGGGGGGGGGGGDIMYSVM"
"46","CREBZF","GGGGGGGGGGGGGDLIKDIM"
"47","CREBZF","GGGGGGGGGGGGGDMVDKLV"
"48","CREBZF","GGGGGGGGGGGGGDLIDQMI"
"49","CREBZF","GGGGGGGGGGGGGDMVQQMM"
"50","CREBZF","GGGGGGGGGGGGGDVITTMY"
"51","CREBZF","GGGGGGGGGGGGGDMVHSVW"
"52","CREBZF","GGGGGGGGGGGGGDIICHIF"
"53","CREBZF","GGGGGGGGGGGGGDILEQIM"
"54","CREBZF","GGGGGGGGGGGGGDIITRLM"
"55","CREBZF","GGGGGGGGGGGGGDIMCQLW"
"56","CREBZF","GGGGGGGGGGGGGDLVKKIM"
"57","CREBZF","GGGGGGGGGGGGGDMVYSIW"
"58","CREBZF","GGGGGGGGGGGGGDVVNTLW"
"59","CREBZF","GGGGGGGGGGGGGDMLHHVM"
"60","CREBZF","GGGGGGGGGGGGGDMLTCMM"
"61","CREBZF","GGGGGGGGGGGGGDMLTHML"
"62","CREBZF","GGGGGGGGGGGGGDMVCSLF"
"63","CREBZF","GGGGGGGGGGGGGDVIEQMI"
"64","CREBZF","GGGGGGGGGGGGGDLLSEMF"
"65","CREBZF","GGGGGGGGGGGGGDLISEMW"
"66","CREBZF","GGGGGGGGGGGGGDVIRELM"
"67","CREBZF","GGGGGGGGGGGGGDMVRDMI"
"68","CREBZF","GGGGGGGGGGGGGDIMYHIY"
"69","CREBZF","GGGGGGGGGGGGGDLMKYVF"
"70","CREBZF","GGGGGGGGGGGGGDMISELL"
"71","CREBZF","GGGGGGGGGGGGGDLINRVL"
"72","CREBZF","GGGGGGGGGGGGGDIVTCIF"
"73","CREBZF","GGGGGGGGGGGGGDIVTYIL"
"74","CREBZF","GGGGGGGGGGGGGDMINKVM"
"75","CREBZF","GGGGGGGGGGGGGDVMSCMW"
"76","CREBZF","GGGGGGGGGGGGGDVVQSMM"
"77","CREBZF","GGGGGGGGGGGGGDMIKHLF"
"78","CREBZF","GGGGGGGGGGGGGDILKKVY"
"79","CREBZF","GGGGGGGGGGGGGDLVSKVF"
"80","CREBZF","GGGGGGGGGGGGGDVVDCLI"
"81","CREBZF","GGGGGGGGGGGGGDLIRNVL"
"82","CREBZF","GGGGGGGGGGGGGDVLNCVI"
"83","CREBZF","GGGGGGGGGGGGGDIVTEIF"
"84","CREBZF","GGGGGGGGGGGGGDVLYQMI"
"85","CREBZF","GGGGGGGGGGGGGDMLTDLF"
"86","CREBZF","GGGGGGGGGGGGGDMVNNIL"
"87","CREBZF","GGGGGGGGGGGGGDMVQSMW"
"88","CREBZF","GGGGGGGGGGGGGDLIEKII"
"89","CREBZF","GGGGGGGGGGGGGDIMYKIW"
"90","CREBZF","GGGGGGGGGGGGGDVITNLL"
"91","CREBZF","GGGGGGGGGGGGGDMLEEVV"
"92","CREBZF","GGGGGGGGGGGGGDLIESVY"
"93","CREBZF","GGGGGGGGGGGGGDIINEIM"
"94","CREBZF","GGGGGGGGGGGGGDLLSRMW"
"95","CREBZF","GGGGGGGGGGGGGDLMHNLF"
"96","CREBZF","GGGGGGGGGGGGGDLMQQVF"
"97","CREBZF","GGGGGGGGGGGGGDMVCDIY"
"98","CREBZF","GGGGGGGGGGGGGDMIYYVF"
"99","CREBZF","GGGGGGGGGGGGGDMVQNIV"
"100","CREBZF","GGGGGGGGGGGGGDLLHHLF"
