"","sequence"
"1","GGGGGGGGGGWWWWWWWWWW"
"2","GGGGGGGGRGDWWWWWWWWW"
"3","GGGGGGGGRGWDWWWWWWWW"
"4","GGGGGGGRRGDDWWWWWWWW"
"5","GGGGGGGGRGWWDWWWWWWW"
"6","GGGGGGGRRGDWDWWWWWWW"
"7","GGGGGGGRRGWDDWWWWWWW"
"8","GGGGGGRRRGDDDWWWWWWW"
"9","GGGGGGGGRGWWWDWWWWWW"
"10","GGGGGGGRRGDWWDWWWWWW"
"11","GGGGGGGRRGWDWDWWWWWW"
"12","GGGGGGRRRGDDWDWWWWWW"
"13","GGGGGGGRRGWWDDWWWWWW"
"14","GGGGGGRRRGDWDDWWWWWW"
"15","GGGGGGRRRGWDDDWWWWWW"
"16","GGGGGRRRRGDDDDWWWWWW"
"17","GGGGGGGGRGWWWWDWWWWW"
"18","GGGGGGGRRGDWWWDWWWWW"
"19","GGGGGGGRRGWDWWDWWWWW"
"20","GGGGGGRRRGDDWWDWWWWW"
"21","GGGGGGGRRGWWDWDWWWWW"
"22","GGGGGGRRRGDWDWDWWWWW"
"23","GGGGGGRRRGWDDWDWWWWW"
"24","GGGGGRRRRGDDDWDWWWWW"
"25","GGGGGGGRRGWWWDDWWWWW"
"26","GGGGGGRRRGDWWDDWWWWW"
"27","GGGGGGRRRGWDWDDWWWWW"
"28","GGGGGRRRRGDDWDDWWWWW"
"29","GGGGGGRRRGWWDDDWWWWW"
"30","GGGGGRRRRGDWDDDWWWWW"
"31","GGGGGRRRRGWDDDDWWWWW"
"32","GGGGRRRRRGDDDDDWWWWW"
"33","GGGGGGGGRGWWWWWDWWWW"
"34","GGGGGGGRRGDWWWWDWWWW"
"35","GGGGGGGRRGWDWWWDWWWW"
"36","GGGGGGRRRGDDWWWDWWWW"
"37","GGGGGGGRRGWWDWWDWWWW"
"38","GGGGGGRRRGDWDWWDWWWW"
"39","GGGGGGRRRGWDDWWDWWWW"
"40","GGGGGRRRRGDDDWWDWWWW"
"41","GGGGGGGRRGWWWDWDWWWW"
"42","GGGGGGRRRGDWWDWDWWWW"
"43","GGGGGGRRRGWDWDWDWWWW"
"44","GGGGGRRRRGDDWDWDWWWW"
"45","GGGGGGRRRGWWDDWDWWWW"
"46","GGGGGRRRRGDWDDWDWWWW"
"47","GGGGGRRRRGWDDDWDWWWW"
"48","GGGGRRRRRGDDDDWDWWWW"
"49","GGGGGGGRRGWWWWDDWWWW"
"50","GGGGGGRRRGDWWWDDWWWW"
"51","GGGGGGRRRGWDWWDDWWWW"
"52","GGGGGRRRRGDDWWDDWWWW"
"53","GGGGGGRRRGWWDWDDWWWW"
"54","GGGGGRRRRGDWDWDDWWWW"
"55","GGGGGRRRRGWDDWDDWWWW"
"56","GGGGRRRRRGDDDWDDWWWW"
"57","GGGGGGRRRGWWWDDDWWWW"
"58","GGGGGRRRRGDWWDDDWWWW"
"59","GGGGGRRRRGWDWDDDWWWW"
"60","GGGGRRRRRGDDWDDDWWWW"
"61","GGGGGRRRRGWWDDDDWWWW"
"62","GGGGRRRRRGDWDDDDWWWW"
"63","GGGGRRRRRGWDDDDDWWWW"
"64","GGGRRRRRRGDDDDDDWWWW"
"65","GGGGGGGGRGWWWWWWDWWW"
"66","GGGGGGGRRGDWWWWWDWWW"
"67","GGGGGGGRRGWDWWWWDWWW"
"68","GGGGGGRRRGDDWWWWDWWW"
"69","GGGGGGGRRGWWDWWWDWWW"
"70","GGGGGGRRRGDWDWWWDWWW"
"71","GGGGGGRRRGWDDWWWDWWW"
"72","GGGGGRRRRGDDDWWWDWWW"
"73","GGGGGGGRRGWWWDWWDWWW"
"74","GGGGGGRRRGDWWDWWDWWW"
"75","GGGGGGRRRGWDWDWWDWWW"
"76","GGGGGRRRRGDDWDWWDWWW"
"77","GGGGGGRRRGWWDDWWDWWW"
"78","GGGGGRRRRGDWDDWWDWWW"
"79","GGGGGRRRRGWDDDWWDWWW"
"80","GGGGRRRRRGDDDDWWDWWW"
"81","GGGGGGGRRGWWWWDWDWWW"
"82","GGGGGGRRRGDWWWDWDWWW"
"83","GGGGGGRRRGWDWWDWDWWW"
"84","GGGGGRRRRGDDWWDWDWWW"
"85","GGGGGGRRRGWWDWDWDWWW"
"86","GGGGGRRRRGDWDWDWDWWW"
"87","GGGGGRRRRGWDDWDWDWWW"
"88","GGGGRRRRRGDDDWDWDWWW"
"89","GGGGGGRRRGWWWDDWDWWW"
"90","GGGGGRRRRGDWWDDWDWWW"
"91","GGGGGRRRRGWDWDDWDWWW"
"92","GGGGRRRRRGDDWDDWDWWW"
"93","GGGGGRRRRGWWDDDWDWWW"
"94","GGGGRRRRRGDWDDDWDWWW"
"95","GGGGRRRRRGWDDDDWDWWW"
"96","GGGRRRRRRGDDDDDWDWWW"
"97","GGGGGGGRRGWWWWWDDWWW"
"98","GGGGGGRRRGDWWWWDDWWW"
"99","GGGGGGRRRGWDWWWDDWWW"
"100","GGGGGRRRRGDDWWWDDWWW"
"101","GGGGGGRRRGWWDWWDDWWW"
"102","GGGGGRRRRGDWDWWDDWWW"
"103","GGGGGRRRRGWDDWWDDWWW"
"104","GGGGRRRRRGDDDWWDDWWW"
"105","GGGGGGRRRGWWWDWDDWWW"
"106","GGGGGRRRRGDWWDWDDWWW"
"107","GGGGGRRRRGWDWDWDDWWW"
"108","GGGGRRRRRGDDWDWDDWWW"
"109","GGGGGRRRRGWWDDWDDWWW"
"110","GGGGRRRRRGDWDDWDDWWW"
"111","GGGGRRRRRGWDDDWDDWWW"
"112","GGGRRRRRRGDDDDWDDWWW"
"113","GGGGGGRRRGWWWWDDDWWW"
"114","GGGGGRRRRGDWWWDDDWWW"
"115","GGGGGRRRRGWDWWDDDWWW"
"116","GGGGRRRRRGDDWWDDDWWW"
"117","GGGGGRRRRGWWDWDDDWWW"
"118","GGGGRRRRRGDWDWDDDWWW"
"119","GGGGRRRRRGWDDWDDDWWW"
"120","GGGRRRRRRGDDDWDDDWWW"
"121","GGGGGRRRRGWWWDDDDWWW"
"122","GGGGRRRRRGDWWDDDDWWW"
"123","GGGGRRRRRGWDWDDDDWWW"
"124","GGGRRRRRRGDDWDDDDWWW"
"125","GGGGRRRRRGWWDDDDDWWW"
"126","GGGRRRRRRGDWDDDDDWWW"
"127","GGGRRRRRRGWDDDDDDWWW"
"128","GGRRRRRRRGDDDDDDDWWW"
"129","GGGGGGGGRGWWWWWWWDWW"
"130","GGGGGGGRRGDWWWWWWDWW"
"131","GGGGGGGRRGWDWWWWWDWW"
"132","GGGGGGRRRGDDWWWWWDWW"
"133","GGGGGGGRRGWWDWWWWDWW"
"134","GGGGGGRRRGDWDWWWWDWW"
"135","GGGGGGRRRGWDDWWWWDWW"
"136","GGGGGRRRRGDDDWWWWDWW"
"137","GGGGGGGRRGWWWDWWWDWW"
"138","GGGGGGRRRGDWWDWWWDWW"
"139","GGGGGGRRRGWDWDWWWDWW"
"140","GGGGGRRRRGDDWDWWWDWW"
"141","GGGGGGRRRGWWDDWWWDWW"
"142","GGGGGRRRRGDWDDWWWDWW"
"143","GGGGGRRRRGWDDDWWWDWW"
"144","GGGGRRRRRGDDDDWWWDWW"
"145","GGGGGGGRRGWWWWDWWDWW"
"146","GGGGGGRRRGDWWWDWWDWW"
"147","GGGGGGRRRGWDWWDWWDWW"
"148","GGGGGRRRRGDDWWDWWDWW"
"149","GGGGGGRRRGWWDWDWWDWW"
"150","GGGGGRRRRGDWDWDWWDWW"
"151","GGGGGRRRRGWDDWDWWDWW"
"152","GGGGRRRRRGDDDWDWWDWW"
"153","GGGGGGRRRGWWWDDWWDWW"
"154","GGGGGRRRRGDWWDDWWDWW"
"155","GGGGGRRRRGWDWDDWWDWW"
"156","GGGGRRRRRGDDWDDWWDWW"
"157","GGGGGRRRRGWWDDDWWDWW"
"158","GGGGRRRRRGDWDDDWWDWW"
"159","GGGGRRRRRGWDDDDWWDWW"
"160","GGGRRRRRRGDDDDDWWDWW"
"161","GGGGGGGRRGWWWWWDWDWW"
"162","GGGGGGRRRGDWWWWDWDWW"
"163","GGGGGGRRRGWDWWWDWDWW"
"164","GGGGGRRRRGDDWWWDWDWW"
"165","GGGGGGRRRGWWDWWDWDWW"
"166","GGGGGRRRRGDWDWWDWDWW"
"167","GGGGGRRRRGWDDWWDWDWW"
"168","GGGGRRRRRGDDDWWDWDWW"
"169","GGGGGGRRRGWWWDWDWDWW"
"170","GGGGGRRRRGDWWDWDWDWW"
"171","GGGGGRRRRGWDWDWDWDWW"
"172","GGGGRRRRRGDDWDWDWDWW"
"173","GGGGGRRRRGWWDDWDWDWW"
"174","GGGGRRRRRGDWDDWDWDWW"
"175","GGGGRRRRRGWDDDWDWDWW"
"176","GGGRRRRRRGDDDDWDWDWW"
"177","GGGGGGRRRGWWWWDDWDWW"
"178","GGGGGRRRRGDWWWDDWDWW"
"179","GGGGGRRRRGWDWWDDWDWW"
"180","GGGGRRRRRGDDWWDDWDWW"
"181","GGGGGRRRRGWWDWDDWDWW"
"182","GGGGRRRRRGDWDWDDWDWW"
"183","GGGGRRRRRGWDDWDDWDWW"
"184","GGGRRRRRRGDDDWDDWDWW"
"185","GGGGGRRRRGWWWDDDWDWW"
"186","GGGGRRRRRGDWWDDDWDWW"
"187","GGGGRRRRRGWDWDDDWDWW"
"188","GGGRRRRRRGDDWDDDWDWW"
"189","GGGGRRRRRGWWDDDDWDWW"
"190","GGGRRRRRRGDWDDDDWDWW"
"191","GGGRRRRRRGWDDDDDWDWW"
"192","GGRRRRRRRGDDDDDDWDWW"
"193","GGGGGGGRRGWWWWWWDDWW"
"194","GGGGGGRRRGDWWWWWDDWW"
"195","GGGGGGRRRGWDWWWWDDWW"
"196","GGGGGRRRRGDDWWWWDDWW"
"197","GGGGGGRRRGWWDWWWDDWW"
"198","GGGGGRRRRGDWDWWWDDWW"
"199","GGGGGRRRRGWDDWWWDDWW"
"200","GGGGRRRRRGDDDWWWDDWW"
"201","GGGGGGRRRGWWWDWWDDWW"
"202","GGGGGRRRRGDWWDWWDDWW"
"203","GGGGGRRRRGWDWDWWDDWW"
"204","GGGGRRRRRGDDWDWWDDWW"
"205","GGGGGRRRRGWWDDWWDDWW"
"206","GGGGRRRRRGDWDDWWDDWW"
"207","GGGGRRRRRGWDDDWWDDWW"
"208","GGGRRRRRRGDDDDWWDDWW"
"209","GGGGGGRRRGWWWWDWDDWW"
"210","GGGGGRRRRGDWWWDWDDWW"
"211","GGGGGRRRRGWDWWDWDDWW"
"212","GGGGRRRRRGDDWWDWDDWW"
"213","GGGGGRRRRGWWDWDWDDWW"
"214","GGGGRRRRRGDWDWDWDDWW"
"215","GGGGRRRRRGWDDWDWDDWW"
"216","GGGRRRRRRGDDDWDWDDWW"
"217","GGGGGRRRRGWWWDDWDDWW"
"218","GGGGRRRRRGDWWDDWDDWW"
"219","GGGGRRRRRGWDWDDWDDWW"
"220","GGGRRRRRRGDDWDDWDDWW"
"221","GGGGRRRRRGWWDDDWDDWW"
"222","GGGRRRRRRGDWDDDWDDWW"
"223","GGGRRRRRRGWDDDDWDDWW"
"224","GGRRRRRRRGDDDDDWDDWW"
"225","GGGGGGRRRGWWWWWDDDWW"
"226","GGGGGRRRRGDWWWWDDDWW"
"227","GGGGGRRRRGWDWWWDDDWW"
"228","GGGGRRRRRGDDWWWDDDWW"
"229","GGGGGRRRRGWWDWWDDDWW"
"230","GGGGRRRRRGDWDWWDDDWW"
"231","GGGGRRRRRGWDDWWDDDWW"
"232","GGGRRRRRRGDDDWWDDDWW"
"233","GGGGGRRRRGWWWDWDDDWW"
"234","GGGGRRRRRGDWWDWDDDWW"
"235","GGGGRRRRRGWDWDWDDDWW"
"236","GGGRRRRRRGDDWDWDDDWW"
"237","GGGGRRRRRGWWDDWDDDWW"
"238","GGGRRRRRRGDWDDWDDDWW"
"239","GGGRRRRRRGWDDDWDDDWW"
"240","GGRRRRRRRGDDDDWDDDWW"
"241","GGGGGRRRRGWWWWDDDDWW"
"242","GGGGRRRRRGDWWWDDDDWW"
"243","GGGGRRRRRGWDWWDDDDWW"
"244","GGGRRRRRRGDDWWDDDDWW"
"245","GGGGRRRRRGWWDWDDDDWW"
"246","GGGRRRRRRGDWDWDDDDWW"
"247","GGGRRRRRRGWDDWDDDDWW"
"248","GGRRRRRRRGDDDWDDDDWW"
"249","GGGGRRRRRGWWWDDDDDWW"
"250","GGGRRRRRRGDWWDDDDDWW"
"251","GGGRRRRRRGWDWDDDDDWW"
"252","GGRRRRRRRGDDWDDDDDWW"
"253","GGGRRRRRRGWWDDDDDDWW"
"254","GGRRRRRRRGDWDDDDDDWW"
"255","GGRRRRRRRGWDDDDDDDWW"
"256","GRRRRRRRRGDDDDDDDDWW"
"257","GGGGGGGGRGWWWWWWWWDW"
"258","GGGGGGGRRGDWWWWWWWDW"
"259","GGGGGGGRRGWDWWWWWWDW"
"260","GGGGGGRRRGDDWWWWWWDW"
"261","GGGGGGGRRGWWDWWWWWDW"
"262","GGGGGGRRRGDWDWWWWWDW"
"263","GGGGGGRRRGWDDWWWWWDW"
"264","GGGGGRRRRGDDDWWWWWDW"
"265","GGGGGGGRRGWWWDWWWWDW"
"266","GGGGGGRRRGDWWDWWWWDW"
"267","GGGGGGRRRGWDWDWWWWDW"
"268","GGGGGRRRRGDDWDWWWWDW"
"269","GGGGGGRRRGWWDDWWWWDW"
"270","GGGGGRRRRGDWDDWWWWDW"
"271","GGGGGRRRRGWDDDWWWWDW"
"272","GGGGRRRRRGDDDDWWWWDW"
"273","GGGGGGGRRGWWWWDWWWDW"
"274","GGGGGGRRRGDWWWDWWWDW"
"275","GGGGGGRRRGWDWWDWWWDW"
"276","GGGGGRRRRGDDWWDWWWDW"
"277","GGGGGGRRRGWWDWDWWWDW"
"278","GGGGGRRRRGDWDWDWWWDW"
"279","GGGGGRRRRGWDDWDWWWDW"
"280","GGGGRRRRRGDDDWDWWWDW"
"281","GGGGGGRRRGWWWDDWWWDW"
"282","GGGGGRRRRGDWWDDWWWDW"
"283","GGGGGRRRRGWDWDDWWWDW"
"284","GGGGRRRRRGDDWDDWWWDW"
"285","GGGGGRRRRGWWDDDWWWDW"
"286","GGGGRRRRRGDWDDDWWWDW"
"287","GGGGRRRRRGWDDDDWWWDW"
"288","GGGRRRRRRGDDDDDWWWDW"
"289","GGGGGGGRRGWWWWWDWWDW"
"290","GGGGGGRRRGDWWWWDWWDW"
"291","GGGGGGRRRGWDWWWDWWDW"
"292","GGGGGRRRRGDDWWWDWWDW"
"293","GGGGGGRRRGWWDWWDWWDW"
"294","GGGGGRRRRGDWDWWDWWDW"
"295","GGGGGRRRRGWDDWWDWWDW"
"296","GGGGRRRRRGDDDWWDWWDW"
"297","GGGGGGRRRGWWWDWDWWDW"
"298","GGGGGRRRRGDWWDWDWWDW"
"299","GGGGGRRRRGWDWDWDWWDW"
"300","GGGGRRRRRGDDWDWDWWDW"
"301","GGGGGRRRRGWWDDWDWWDW"
"302","GGGGRRRRRGDWDDWDWWDW"
"303","GGGGRRRRRGWDDDWDWWDW"
"304","GGGRRRRRRGDDDDWDWWDW"
"305","GGGGGGRRRGWWWWDDWWDW"
"306","GGGGGRRRRGDWWWDDWWDW"
"307","GGGGGRRRRGWDWWDDWWDW"
"308","GGGGRRRRRGDDWWDDWWDW"
"309","GGGGGRRRRGWWDWDDWWDW"
"310","GGGGRRRRRGDWDWDDWWDW"
"311","GGGGRRRRRGWDDWDDWWDW"
"312","GGGRRRRRRGDDDWDDWWDW"
"313","GGGGGRRRRGWWWDDDWWDW"
"314","GGGGRRRRRGDWWDDDWWDW"
"315","GGGGRRRRRGWDWDDDWWDW"
"316","GGGRRRRRRGDDWDDDWWDW"
"317","GGGGRRRRRGWWDDDDWWDW"
"318","GGGRRRRRRGDWDDDDWWDW"
"319","GGGRRRRRRGWDDDDDWWDW"
"320","GGRRRRRRRGDDDDDDWWDW"
"321","GGGGGGGRRGWWWWWWDWDW"
"322","GGGGGGRRRGDWWWWWDWDW"
"323","GGGGGGRRRGWDWWWWDWDW"
"324","GGGGGRRRRGDDWWWWDWDW"
"325","GGGGGGRRRGWWDWWWDWDW"
"326","GGGGGRRRRGDWDWWWDWDW"
"327","GGGGGRRRRGWDDWWWDWDW"
"328","GGGGRRRRRGDDDWWWDWDW"
"329","GGGGGGRRRGWWWDWWDWDW"
"330","GGGGGRRRRGDWWDWWDWDW"
"331","GGGGGRRRRGWDWDWWDWDW"
"332","GGGGRRRRRGDDWDWWDWDW"
"333","GGGGGRRRRGWWDDWWDWDW"
"334","GGGGRRRRRGDWDDWWDWDW"
"335","GGGGRRRRRGWDDDWWDWDW"
"336","GGGRRRRRRGDDDDWWDWDW"
"337","GGGGGGRRRGWWWWDWDWDW"
"338","GGGGGRRRRGDWWWDWDWDW"
"339","GGGGGRRRRGWDWWDWDWDW"
"340","GGGGRRRRRGDDWWDWDWDW"
"341","GGGGGRRRRGWWDWDWDWDW"
"342","GGGGRRRRRGDWDWDWDWDW"
"343","GGGGRRRRRGWDDWDWDWDW"
"344","GGGRRRRRRGDDDWDWDWDW"
"345","GGGGGRRRRGWWWDDWDWDW"
"346","GGGGRRRRRGDWWDDWDWDW"
"347","GGGGRRRRRGWDWDDWDWDW"
"348","GGGRRRRRRGDDWDDWDWDW"
"349","GGGGRRRRRGWWDDDWDWDW"
"350","GGGRRRRRRGDWDDDWDWDW"
"351","GGGRRRRRRGWDDDDWDWDW"
"352","GGRRRRRRRGDDDDDWDWDW"
"353","GGGGGGRRRGWWWWWDDWDW"
"354","GGGGGRRRRGDWWWWDDWDW"
"355","GGGGGRRRRGWDWWWDDWDW"
"356","GGGGRRRRRGDDWWWDDWDW"
"357","GGGGGRRRRGWWDWWDDWDW"
"358","GGGGRRRRRGDWDWWDDWDW"
"359","GGGGRRRRRGWDDWWDDWDW"
"360","GGGRRRRRRGDDDWWDDWDW"
"361","GGGGGRRRRGWWWDWDDWDW"
"362","GGGGRRRRRGDWWDWDDWDW"
"363","GGGGRRRRRGWDWDWDDWDW"
"364","GGGRRRRRRGDDWDWDDWDW"
"365","GGGGRRRRRGWWDDWDDWDW"
"366","GGGRRRRRRGDWDDWDDWDW"
"367","GGGRRRRRRGWDDDWDDWDW"
"368","GGRRRRRRRGDDDDWDDWDW"
"369","GGGGGRRRRGWWWWDDDWDW"
"370","GGGGRRRRRGDWWWDDDWDW"
"371","GGGGRRRRRGWDWWDDDWDW"
"372","GGGRRRRRRGDDWWDDDWDW"
"373","GGGGRRRRRGWWDWDDDWDW"
"374","GGGRRRRRRGDWDWDDDWDW"
"375","GGGRRRRRRGWDDWDDDWDW"
"376","GGRRRRRRRGDDDWDDDWDW"
"377","GGGGRRRRRGWWWDDDDWDW"
"378","GGGRRRRRRGDWWDDDDWDW"
"379","GGGRRRRRRGWDWDDDDWDW"
"380","GGRRRRRRRGDDWDDDDWDW"
"381","GGGRRRRRRGWWDDDDDWDW"
"382","GGRRRRRRRGDWDDDDDWDW"
"383","GGRRRRRRRGWDDDDDDWDW"
"384","GRRRRRRRRGDDDDDDDWDW"
"385","GGGGGGGRRGWWWWWWWDDW"
"386","GGGGGGRRRGDWWWWWWDDW"
"387","GGGGGGRRRGWDWWWWWDDW"
"388","GGGGGRRRRGDDWWWWWDDW"
"389","GGGGGGRRRGWWDWWWWDDW"
"390","GGGGGRRRRGDWDWWWWDDW"
"391","GGGGGRRRRGWDDWWWWDDW"
"392","GGGGRRRRRGDDDWWWWDDW"
"393","GGGGGGRRRGWWWDWWWDDW"
"394","GGGGGRRRRGDWWDWWWDDW"
"395","GGGGGRRRRGWDWDWWWDDW"
"396","GGGGRRRRRGDDWDWWWDDW"
"397","GGGGGRRRRGWWDDWWWDDW"
"398","GGGGRRRRRGDWDDWWWDDW"
"399","GGGGRRRRRGWDDDWWWDDW"
"400","GGGRRRRRRGDDDDWWWDDW"
"401","GGGGGGRRRGWWWWDWWDDW"
"402","GGGGGRRRRGDWWWDWWDDW"
"403","GGGGGRRRRGWDWWDWWDDW"
"404","GGGGRRRRRGDDWWDWWDDW"
"405","GGGGGRRRRGWWDWDWWDDW"
"406","GGGGRRRRRGDWDWDWWDDW"
"407","GGGGRRRRRGWDDWDWWDDW"
"408","GGGRRRRRRGDDDWDWWDDW"
"409","GGGGGRRRRGWWWDDWWDDW"
"410","GGGGRRRRRGDWWDDWWDDW"
"411","GGGGRRRRRGWDWDDWWDDW"
"412","GGGRRRRRRGDDWDDWWDDW"
"413","GGGGRRRRRGWWDDDWWDDW"
"414","GGGRRRRRRGDWDDDWWDDW"
"415","GGGRRRRRRGWDDDDWWDDW"
"416","GGRRRRRRRGDDDDDWWDDW"
"417","GGGGGGRRRGWWWWWDWDDW"
"418","GGGGGRRRRGDWWWWDWDDW"
"419","GGGGGRRRRGWDWWWDWDDW"
"420","GGGGRRRRRGDDWWWDWDDW"
"421","GGGGGRRRRGWWDWWDWDDW"
"422","GGGGRRRRRGDWDWWDWDDW"
"423","GGGGRRRRRGWDDWWDWDDW"
"424","GGGRRRRRRGDDDWWDWDDW"
"425","GGGGGRRRRGWWWDWDWDDW"
"426","GGGGRRRRRGDWWDWDWDDW"
"427","GGGGRRRRRGWDWDWDWDDW"
"428","GGGRRRRRRGDDWDWDWDDW"
"429","GGGGRRRRRGWWDDWDWDDW"
"430","GGGRRRRRRGDWDDWDWDDW"
"431","GGGRRRRRRGWDDDWDWDDW"
"432","GGRRRRRRRGDDDDWDWDDW"
"433","GGGGGRRRRGWWWWDDWDDW"
"434","GGGGRRRRRGDWWWDDWDDW"
"435","GGGGRRRRRGWDWWDDWDDW"
"436","GGGRRRRRRGDDWWDDWDDW"
"437","GGGGRRRRRGWWDWDDWDDW"
"438","GGGRRRRRRGDWDWDDWDDW"
"439","GGGRRRRRRGWDDWDDWDDW"
"440","GGRRRRRRRGDDDWDDWDDW"
"441","GGGGRRRRRGWWWDDDWDDW"
"442","GGGRRRRRRGDWWDDDWDDW"
"443","GGGRRRRRRGWDWDDDWDDW"
"444","GGRRRRRRRGDDWDDDWDDW"
"445","GGGRRRRRRGWWDDDDWDDW"
"446","GGRRRRRRRGDWDDDDWDDW"
"447","GGRRRRRRRGWDDDDDWDDW"
"448","GRRRRRRRRGDDDDDDWDDW"
"449","GGGGGGRRRGWWWWWWDDDW"
"450","GGGGGRRRRGDWWWWWDDDW"
"451","GGGGGRRRRGWDWWWWDDDW"
"452","GGGGRRRRRGDDWWWWDDDW"
"453","GGGGGRRRRGWWDWWWDDDW"
"454","GGGGRRRRRGDWDWWWDDDW"
"455","GGGGRRRRRGWDDWWWDDDW"
"456","GGGRRRRRRGDDDWWWDDDW"
"457","GGGGGRRRRGWWWDWWDDDW"
"458","GGGGRRRRRGDWWDWWDDDW"
"459","GGGGRRRRRGWDWDWWDDDW"
"460","GGGRRRRRRGDDWDWWDDDW"
"461","GGGGRRRRRGWWDDWWDDDW"
"462","GGGRRRRRRGDWDDWWDDDW"
"463","GGGRRRRRRGWDDDWWDDDW"
"464","GGRRRRRRRGDDDDWWDDDW"
"465","GGGGGRRRRGWWWWDWDDDW"
"466","GGGGRRRRRGDWWWDWDDDW"
"467","GGGGRRRRRGWDWWDWDDDW"
"468","GGGRRRRRRGDDWWDWDDDW"
"469","GGGGRRRRRGWWDWDWDDDW"
"470","GGGRRRRRRGDWDWDWDDDW"
"471","GGGRRRRRRGWDDWDWDDDW"
"472","GGRRRRRRRGDDDWDWDDDW"
"473","GGGGRRRRRGWWWDDWDDDW"
"474","GGGRRRRRRGDWWDDWDDDW"
"475","GGGRRRRRRGWDWDDWDDDW"
"476","GGRRRRRRRGDDWDDWDDDW"
"477","GGGRRRRRRGWWDDDWDDDW"
"478","GGRRRRRRRGDWDDDWDDDW"
"479","GGRRRRRRRGWDDDDWDDDW"
"480","GRRRRRRRRGDDDDDWDDDW"
"481","GGGGGRRRRGWWWWWDDDDW"
"482","GGGGRRRRRGDWWWWDDDDW"
"483","GGGGRRRRRGWDWWWDDDDW"
"484","GGGRRRRRRGDDWWWDDDDW"
"485","GGGGRRRRRGWWDWWDDDDW"
"486","GGGRRRRRRGDWDWWDDDDW"
"487","GGGRRRRRRGWDDWWDDDDW"
"488","GGRRRRRRRGDDDWWDDDDW"
"489","GGGGRRRRRGWWWDWDDDDW"
"490","GGGRRRRRRGDWWDWDDDDW"
"491","GGGRRRRRRGWDWDWDDDDW"
"492","GGRRRRRRRGDDWDWDDDDW"
"493","GGGRRRRRRGWWDDWDDDDW"
"494","GGRRRRRRRGDWDDWDDDDW"
"495","GGRRRRRRRGWDDDWDDDDW"
"496","GRRRRRRRRGDDDDWDDDDW"
"497","GGGGRRRRRGWWWWDDDDDW"
"498","GGGRRRRRRGDWWWDDDDDW"
"499","GGGRRRRRRGWDWWDDDDDW"
"500","GGRRRRRRRGDDWWDDDDDW"
"501","GGGRRRRRRGWWDWDDDDDW"
"502","GGRRRRRRRGDWDWDDDDDW"
"503","GGRRRRRRRGWDDWDDDDDW"
"504","GRRRRRRRRGDDDWDDDDDW"
"505","GGGRRRRRRGWWWDDDDDDW"
"506","GGRRRRRRRGDWWDDDDDDW"
"507","GGRRRRRRRGWDWDDDDDDW"
"508","GRRRRRRRRGDDWDDDDDDW"
"509","GGRRRRRRRGWWDDDDDDDW"
"510","GRRRRRRRRGDWDDDDDDDW"
"511","GRRRRRRRRGWDDDDDDDDW"
"512","RRRRRRRRRGDDDDDDDDDW"
"513","GGGGGGGGRGWWWWWWWWWD"
"514","GGGGGGGRRGDWWWWWWWWD"
"515","GGGGGGGRRGWDWWWWWWWD"
"516","GGGGGGRRRGDDWWWWWWWD"
"517","GGGGGGGRRGWWDWWWWWWD"
"518","GGGGGGRRRGDWDWWWWWWD"
"519","GGGGGGRRRGWDDWWWWWWD"
"520","GGGGGRRRRGDDDWWWWWWD"
"521","GGGGGGGRRGWWWDWWWWWD"
"522","GGGGGGRRRGDWWDWWWWWD"
"523","GGGGGGRRRGWDWDWWWWWD"
"524","GGGGGRRRRGDDWDWWWWWD"
"525","GGGGGGRRRGWWDDWWWWWD"
"526","GGGGGRRRRGDWDDWWWWWD"
"527","GGGGGRRRRGWDDDWWWWWD"
"528","GGGGRRRRRGDDDDWWWWWD"
"529","GGGGGGGRRGWWWWDWWWWD"
"530","GGGGGGRRRGDWWWDWWWWD"
"531","GGGGGGRRRGWDWWDWWWWD"
"532","GGGGGRRRRGDDWWDWWWWD"
"533","GGGGGGRRRGWWDWDWWWWD"
"534","GGGGGRRRRGDWDWDWWWWD"
"535","GGGGGRRRRGWDDWDWWWWD"
"536","GGGGRRRRRGDDDWDWWWWD"
"537","GGGGGGRRRGWWWDDWWWWD"
"538","GGGGGRRRRGDWWDDWWWWD"
"539","GGGGGRRRRGWDWDDWWWWD"
"540","GGGGRRRRRGDDWDDWWWWD"
"541","GGGGGRRRRGWWDDDWWWWD"
"542","GGGGRRRRRGDWDDDWWWWD"
"543","GGGGRRRRRGWDDDDWWWWD"
"544","GGGRRRRRRGDDDDDWWWWD"
"545","GGGGGGGRRGWWWWWDWWWD"
"546","GGGGGGRRRGDWWWWDWWWD"
"547","GGGGGGRRRGWDWWWDWWWD"
"548","GGGGGRRRRGDDWWWDWWWD"
"549","GGGGGGRRRGWWDWWDWWWD"
"550","GGGGGRRRRGDWDWWDWWWD"
"551","GGGGGRRRRGWDDWWDWWWD"
"552","GGGGRRRRRGDDDWWDWWWD"
"553","GGGGGGRRRGWWWDWDWWWD"
"554","GGGGGRRRRGDWWDWDWWWD"
"555","GGGGGRRRRGWDWDWDWWWD"
"556","GGGGRRRRRGDDWDWDWWWD"
"557","GGGGGRRRRGWWDDWDWWWD"
"558","GGGGRRRRRGDWDDWDWWWD"
"559","GGGGRRRRRGWDDDWDWWWD"
"560","GGGRRRRRRGDDDDWDWWWD"
"561","GGGGGGRRRGWWWWDDWWWD"
"562","GGGGGRRRRGDWWWDDWWWD"
"563","GGGGGRRRRGWDWWDDWWWD"
"564","GGGGRRRRRGDDWWDDWWWD"
"565","GGGGGRRRRGWWDWDDWWWD"
"566","GGGGRRRRRGDWDWDDWWWD"
"567","GGGGRRRRRGWDDWDDWWWD"
"568","GGGRRRRRRGDDDWDDWWWD"
"569","GGGGGRRRRGWWWDDDWWWD"
"570","GGGGRRRRRGDWWDDDWWWD"
"571","GGGGRRRRRGWDWDDDWWWD"
"572","GGGRRRRRRGDDWDDDWWWD"
"573","GGGGRRRRRGWWDDDDWWWD"
"574","GGGRRRRRRGDWDDDDWWWD"
"575","GGGRRRRRRGWDDDDDWWWD"
"576","GGRRRRRRRGDDDDDDWWWD"
"577","GGGGGGGRRGWWWWWWDWWD"
"578","GGGGGGRRRGDWWWWWDWWD"
"579","GGGGGGRRRGWDWWWWDWWD"
"580","GGGGGRRRRGDDWWWWDWWD"
"581","GGGGGGRRRGWWDWWWDWWD"
"582","GGGGGRRRRGDWDWWWDWWD"
"583","GGGGGRRRRGWDDWWWDWWD"
"584","GGGGRRRRRGDDDWWWDWWD"
"585","GGGGGGRRRGWWWDWWDWWD"
"586","GGGGGRRRRGDWWDWWDWWD"
"587","GGGGGRRRRGWDWDWWDWWD"
"588","GGGGRRRRRGDDWDWWDWWD"
"589","GGGGGRRRRGWWDDWWDWWD"
"590","GGGGRRRRRGDWDDWWDWWD"
"591","GGGGRRRRRGWDDDWWDWWD"
"592","GGGRRRRRRGDDDDWWDWWD"
"593","GGGGGGRRRGWWWWDWDWWD"
"594","GGGGGRRRRGDWWWDWDWWD"
"595","GGGGGRRRRGWDWWDWDWWD"
"596","GGGGRRRRRGDDWWDWDWWD"
"597","GGGGGRRRRGWWDWDWDWWD"
"598","GGGGRRRRRGDWDWDWDWWD"
"599","GGGGRRRRRGWDDWDWDWWD"
"600","GGGRRRRRRGDDDWDWDWWD"
"601","GGGGGRRRRGWWWDDWDWWD"
"602","GGGGRRRRRGDWWDDWDWWD"
"603","GGGGRRRRRGWDWDDWDWWD"
"604","GGGRRRRRRGDDWDDWDWWD"
"605","GGGGRRRRRGWWDDDWDWWD"
"606","GGGRRRRRRGDWDDDWDWWD"
"607","GGGRRRRRRGWDDDDWDWWD"
"608","GGRRRRRRRGDDDDDWDWWD"
"609","GGGGGGRRRGWWWWWDDWWD"
"610","GGGGGRRRRGDWWWWDDWWD"
"611","GGGGGRRRRGWDWWWDDWWD"
"612","GGGGRRRRRGDDWWWDDWWD"
"613","GGGGGRRRRGWWDWWDDWWD"
"614","GGGGRRRRRGDWDWWDDWWD"
"615","GGGGRRRRRGWDDWWDDWWD"
"616","GGGRRRRRRGDDDWWDDWWD"
"617","GGGGGRRRRGWWWDWDDWWD"
"618","GGGGRRRRRGDWWDWDDWWD"
"619","GGGGRRRRRGWDWDWDDWWD"
"620","GGGRRRRRRGDDWDWDDWWD"
"621","GGGGRRRRRGWWDDWDDWWD"
"622","GGGRRRRRRGDWDDWDDWWD"
"623","GGGRRRRRRGWDDDWDDWWD"
"624","GGRRRRRRRGDDDDWDDWWD"
"625","GGGGGRRRRGWWWWDDDWWD"
"626","GGGGRRRRRGDWWWDDDWWD"
"627","GGGGRRRRRGWDWWDDDWWD"
"628","GGGRRRRRRGDDWWDDDWWD"
"629","GGGGRRRRRGWWDWDDDWWD"
"630","GGGRRRRRRGDWDWDDDWWD"
"631","GGGRRRRRRGWDDWDDDWWD"
"632","GGRRRRRRRGDDDWDDDWWD"
"633","GGGGRRRRRGWWWDDDDWWD"
"634","GGGRRRRRRGDWWDDDDWWD"
"635","GGGRRRRRRGWDWDDDDWWD"
"636","GGRRRRRRRGDDWDDDDWWD"
"637","GGGRRRRRRGWWDDDDDWWD"
"638","GGRRRRRRRGDWDDDDDWWD"
"639","GGRRRRRRRGWDDDDDDWWD"
"640","GRRRRRRRRGDDDDDDDWWD"
"641","GGGGGGGRRGWWWWWWWDWD"
"642","GGGGGGRRRGDWWWWWWDWD"
"643","GGGGGGRRRGWDWWWWWDWD"
"644","GGGGGRRRRGDDWWWWWDWD"
"645","GGGGGGRRRGWWDWWWWDWD"
"646","GGGGGRRRRGDWDWWWWDWD"
"647","GGGGGRRRRGWDDWWWWDWD"
"648","GGGGRRRRRGDDDWWWWDWD"
"649","GGGGGGRRRGWWWDWWWDWD"
"650","GGGGGRRRRGDWWDWWWDWD"
"651","GGGGGRRRRGWDWDWWWDWD"
"652","GGGGRRRRRGDDWDWWWDWD"
"653","GGGGGRRRRGWWDDWWWDWD"
"654","GGGGRRRRRGDWDDWWWDWD"
"655","GGGGRRRRRGWDDDWWWDWD"
"656","GGGRRRRRRGDDDDWWWDWD"
"657","GGGGGGRRRGWWWWDWWDWD"
"658","GGGGGRRRRGDWWWDWWDWD"
"659","GGGGGRRRRGWDWWDWWDWD"
"660","GGGGRRRRRGDDWWDWWDWD"
"661","GGGGGRRRRGWWDWDWWDWD"
"662","GGGGRRRRRGDWDWDWWDWD"
"663","GGGGRRRRRGWDDWDWWDWD"
"664","GGGRRRRRRGDDDWDWWDWD"
"665","GGGGGRRRRGWWWDDWWDWD"
"666","GGGGRRRRRGDWWDDWWDWD"
"667","GGGGRRRRRGWDWDDWWDWD"
"668","GGGRRRRRRGDDWDDWWDWD"
"669","GGGGRRRRRGWWDDDWWDWD"
"670","GGGRRRRRRGDWDDDWWDWD"
"671","GGGRRRRRRGWDDDDWWDWD"
"672","GGRRRRRRRGDDDDDWWDWD"
"673","GGGGGGRRRGWWWWWDWDWD"
"674","GGGGGRRRRGDWWWWDWDWD"
"675","GGGGGRRRRGWDWWWDWDWD"
"676","GGGGRRRRRGDDWWWDWDWD"
"677","GGGGGRRRRGWWDWWDWDWD"
"678","GGGGRRRRRGDWDWWDWDWD"
"679","GGGGRRRRRGWDDWWDWDWD"
"680","GGGRRRRRRGDDDWWDWDWD"
"681","GGGGGRRRRGWWWDWDWDWD"
"682","GGGGRRRRRGDWWDWDWDWD"
"683","GGGGRRRRRGWDWDWDWDWD"
"684","GGGRRRRRRGDDWDWDWDWD"
"685","GGGGRRRRRGWWDDWDWDWD"
"686","GGGRRRRRRGDWDDWDWDWD"
"687","GGGRRRRRRGWDDDWDWDWD"
"688","GGRRRRRRRGDDDDWDWDWD"
"689","GGGGGRRRRGWWWWDDWDWD"
"690","GGGGRRRRRGDWWWDDWDWD"
"691","GGGGRRRRRGWDWWDDWDWD"
"692","GGGRRRRRRGDDWWDDWDWD"
"693","GGGGRRRRRGWWDWDDWDWD"
"694","GGGRRRRRRGDWDWDDWDWD"
"695","GGGRRRRRRGWDDWDDWDWD"
"696","GGRRRRRRRGDDDWDDWDWD"
"697","GGGGRRRRRGWWWDDDWDWD"
"698","GGGRRRRRRGDWWDDDWDWD"
"699","GGGRRRRRRGWDWDDDWDWD"
"700","GGRRRRRRRGDDWDDDWDWD"
"701","GGGRRRRRRGWWDDDDWDWD"
"702","GGRRRRRRRGDWDDDDWDWD"
"703","GGRRRRRRRGWDDDDDWDWD"
"704","GRRRRRRRRGDDDDDDWDWD"
"705","GGGGGGRRRGWWWWWWDDWD"
"706","GGGGGRRRRGDWWWWWDDWD"
"707","GGGGGRRRRGWDWWWWDDWD"
"708","GGGGRRRRRGDDWWWWDDWD"
"709","GGGGGRRRRGWWDWWWDDWD"
"710","GGGGRRRRRGDWDWWWDDWD"
"711","GGGGRRRRRGWDDWWWDDWD"
"712","GGGRRRRRRGDDDWWWDDWD"
"713","GGGGGRRRRGWWWDWWDDWD"
"714","GGGGRRRRRGDWWDWWDDWD"
"715","GGGGRRRRRGWDWDWWDDWD"
"716","GGGRRRRRRGDDWDWWDDWD"
"717","GGGGRRRRRGWWDDWWDDWD"
"718","GGGRRRRRRGDWDDWWDDWD"
"719","GGGRRRRRRGWDDDWWDDWD"
"720","GGRRRRRRRGDDDDWWDDWD"
"721","GGGGGRRRRGWWWWDWDDWD"
"722","GGGGRRRRRGDWWWDWDDWD"
"723","GGGGRRRRRGWDWWDWDDWD"
"724","GGGRRRRRRGDDWWDWDDWD"
"725","GGGGRRRRRGWWDWDWDDWD"
"726","GGGRRRRRRGDWDWDWDDWD"
"727","GGGRRRRRRGWDDWDWDDWD"
"728","GGRRRRRRRGDDDWDWDDWD"
"729","GGGGRRRRRGWWWDDWDDWD"
"730","GGGRRRRRRGDWWDDWDDWD"
"731","GGGRRRRRRGWDWDDWDDWD"
"732","GGRRRRRRRGDDWDDWDDWD"
"733","GGGRRRRRRGWWDDDWDDWD"
"734","GGRRRRRRRGDWDDDWDDWD"
"735","GGRRRRRRRGWDDDDWDDWD"
"736","GRRRRRRRRGDDDDDWDDWD"
"737","GGGGGRRRRGWWWWWDDDWD"
"738","GGGGRRRRRGDWWWWDDDWD"
"739","GGGGRRRRRGWDWWWDDDWD"
"740","GGGRRRRRRGDDWWWDDDWD"
"741","GGGGRRRRRGWWDWWDDDWD"
"742","GGGRRRRRRGDWDWWDDDWD"
"743","GGGRRRRRRGWDDWWDDDWD"
"744","GGRRRRRRRGDDDWWDDDWD"
"745","GGGGRRRRRGWWWDWDDDWD"
"746","GGGRRRRRRGDWWDWDDDWD"
"747","GGGRRRRRRGWDWDWDDDWD"
"748","GGRRRRRRRGDDWDWDDDWD"
"749","GGGRRRRRRGWWDDWDDDWD"
"750","GGRRRRRRRGDWDDWDDDWD"
"751","GGRRRRRRRGWDDDWDDDWD"
"752","GRRRRRRRRGDDDDWDDDWD"
"753","GGGGRRRRRGWWWWDDDDWD"
"754","GGGRRRRRRGDWWWDDDDWD"
"755","GGGRRRRRRGWDWWDDDDWD"
"756","GGRRRRRRRGDDWWDDDDWD"
"757","GGGRRRRRRGWWDWDDDDWD"
"758","GGRRRRRRRGDWDWDDDDWD"
"759","GGRRRRRRRGWDDWDDDDWD"
"760","GRRRRRRRRGDDDWDDDDWD"
"761","GGGRRRRRRGWWWDDDDDWD"
"762","GGRRRRRRRGDWWDDDDDWD"
"763","GGRRRRRRRGWDWDDDDDWD"
"764","GRRRRRRRRGDDWDDDDDWD"
"765","GGRRRRRRRGWWDDDDDDWD"
"766","GRRRRRRRRGDWDDDDDDWD"
"767","GRRRRRRRRGWDDDDDDDWD"
"768","RRRRRRRRRGDDDDDDDDWD"
"769","GGGGGGGRRGWWWWWWWWDD"
"770","GGGGGGRRRGDWWWWWWWDD"
"771","GGGGGGRRRGWDWWWWWWDD"
"772","GGGGGRRRRGDDWWWWWWDD"
"773","GGGGGGRRRGWWDWWWWWDD"
"774","GGGGGRRRRGDWDWWWWWDD"
"775","GGGGGRRRRGWDDWWWWWDD"
"776","GGGGRRRRRGDDDWWWWWDD"
"777","GGGGGGRRRGWWWDWWWWDD"
"778","GGGGGRRRRGDWWDWWWWDD"
"779","GGGGGRRRRGWDWDWWWWDD"
"780","GGGGRRRRRGDDWDWWWWDD"
"781","GGGGGRRRRGWWDDWWWWDD"
"782","GGGGRRRRRGDWDDWWWWDD"
"783","GGGGRRRRRGWDDDWWWWDD"
"784","GGGRRRRRRGDDDDWWWWDD"
"785","GGGGGGRRRGWWWWDWWWDD"
"786","GGGGGRRRRGDWWWDWWWDD"
"787","GGGGGRRRRGWDWWDWWWDD"
"788","GGGGRRRRRGDDWWDWWWDD"
"789","GGGGGRRRRGWWDWDWWWDD"
"790","GGGGRRRRRGDWDWDWWWDD"
"791","GGGGRRRRRGWDDWDWWWDD"
"792","GGGRRRRRRGDDDWDWWWDD"
"793","GGGGGRRRRGWWWDDWWWDD"
"794","GGGGRRRRRGDWWDDWWWDD"
"795","GGGGRRRRRGWDWDDWWWDD"
"796","GGGRRRRRRGDDWDDWWWDD"
"797","GGGGRRRRRGWWDDDWWWDD"
"798","GGGRRRRRRGDWDDDWWWDD"
"799","GGGRRRRRRGWDDDDWWWDD"
"800","GGRRRRRRRGDDDDDWWWDD"
"801","GGGGGGRRRGWWWWWDWWDD"
"802","GGGGGRRRRGDWWWWDWWDD"
"803","GGGGGRRRRGWDWWWDWWDD"
"804","GGGGRRRRRGDDWWWDWWDD"
"805","GGGGGRRRRGWWDWWDWWDD"
"806","GGGGRRRRRGDWDWWDWWDD"
"807","GGGGRRRRRGWDDWWDWWDD"
"808","GGGRRRRRRGDDDWWDWWDD"
"809","GGGGGRRRRGWWWDWDWWDD"
"810","GGGGRRRRRGDWWDWDWWDD"
"811","GGGGRRRRRGWDWDWDWWDD"
"812","GGGRRRRRRGDDWDWDWWDD"
"813","GGGGRRRRRGWWDDWDWWDD"
"814","GGGRRRRRRGDWDDWDWWDD"
"815","GGGRRRRRRGWDDDWDWWDD"
"816","GGRRRRRRRGDDDDWDWWDD"
"817","GGGGGRRRRGWWWWDDWWDD"
"818","GGGGRRRRRGDWWWDDWWDD"
"819","GGGGRRRRRGWDWWDDWWDD"
"820","GGGRRRRRRGDDWWDDWWDD"
"821","GGGGRRRRRGWWDWDDWWDD"
"822","GGGRRRRRRGDWDWDDWWDD"
"823","GGGRRRRRRGWDDWDDWWDD"
"824","GGRRRRRRRGDDDWDDWWDD"
"825","GGGGRRRRRGWWWDDDWWDD"
"826","GGGRRRRRRGDWWDDDWWDD"
"827","GGGRRRRRRGWDWDDDWWDD"
"828","GGRRRRRRRGDDWDDDWWDD"
"829","GGGRRRRRRGWWDDDDWWDD"
"830","GGRRRRRRRGDWDDDDWWDD"
"831","GGRRRRRRRGWDDDDDWWDD"
"832","GRRRRRRRRGDDDDDDWWDD"
"833","GGGGGGRRRGWWWWWWDWDD"
"834","GGGGGRRRRGDWWWWWDWDD"
"835","GGGGGRRRRGWDWWWWDWDD"
"836","GGGGRRRRRGDDWWWWDWDD"
"837","GGGGGRRRRGWWDWWWDWDD"
"838","GGGGRRRRRGDWDWWWDWDD"
"839","GGGGRRRRRGWDDWWWDWDD"
"840","GGGRRRRRRGDDDWWWDWDD"
"841","GGGGGRRRRGWWWDWWDWDD"
"842","GGGGRRRRRGDWWDWWDWDD"
"843","GGGGRRRRRGWDWDWWDWDD"
"844","GGGRRRRRRGDDWDWWDWDD"
"845","GGGGRRRRRGWWDDWWDWDD"
"846","GGGRRRRRRGDWDDWWDWDD"
"847","GGGRRRRRRGWDDDWWDWDD"
"848","GGRRRRRRRGDDDDWWDWDD"
"849","GGGGGRRRRGWWWWDWDWDD"
"850","GGGGRRRRRGDWWWDWDWDD"
"851","GGGGRRRRRGWDWWDWDWDD"
"852","GGGRRRRRRGDDWWDWDWDD"
"853","GGGGRRRRRGWWDWDWDWDD"
"854","GGGRRRRRRGDWDWDWDWDD"
"855","GGGRRRRRRGWDDWDWDWDD"
"856","GGRRRRRRRGDDDWDWDWDD"
"857","GGGGRRRRRGWWWDDWDWDD"
"858","GGGRRRRRRGDWWDDWDWDD"
"859","GGGRRRRRRGWDWDDWDWDD"
"860","GGRRRRRRRGDDWDDWDWDD"
"861","GGGRRRRRRGWWDDDWDWDD"
"862","GGRRRRRRRGDWDDDWDWDD"
"863","GGRRRRRRRGWDDDDWDWDD"
"864","GRRRRRRRRGDDDDDWDWDD"
"865","GGGGGRRRRGWWWWWDDWDD"
"866","GGGGRRRRRGDWWWWDDWDD"
"867","GGGGRRRRRGWDWWWDDWDD"
"868","GGGRRRRRRGDDWWWDDWDD"
"869","GGGGRRRRRGWWDWWDDWDD"
"870","GGGRRRRRRGDWDWWDDWDD"
"871","GGGRRRRRRGWDDWWDDWDD"
"872","GGRRRRRRRGDDDWWDDWDD"
"873","GGGGRRRRRGWWWDWDDWDD"
"874","GGGRRRRRRGDWWDWDDWDD"
"875","GGGRRRRRRGWDWDWDDWDD"
"876","GGRRRRRRRGDDWDWDDWDD"
"877","GGGRRRRRRGWWDDWDDWDD"
"878","GGRRRRRRRGDWDDWDDWDD"
"879","GGRRRRRRRGWDDDWDDWDD"
"880","GRRRRRRRRGDDDDWDDWDD"
"881","GGGGRRRRRGWWWWDDDWDD"
"882","GGGRRRRRRGDWWWDDDWDD"
"883","GGGRRRRRRGWDWWDDDWDD"
"884","GGRRRRRRRGDDWWDDDWDD"
"885","GGGRRRRRRGWWDWDDDWDD"
"886","GGRRRRRRRGDWDWDDDWDD"
"887","GGRRRRRRRGWDDWDDDWDD"
"888","GRRRRRRRRGDDDWDDDWDD"
"889","GGGRRRRRRGWWWDDDDWDD"
"890","GGRRRRRRRGDWWDDDDWDD"
"891","GGRRRRRRRGWDWDDDDWDD"
"892","GRRRRRRRRGDDWDDDDWDD"
"893","GGRRRRRRRGWWDDDDDWDD"
"894","GRRRRRRRRGDWDDDDDWDD"
"895","GRRRRRRRRGWDDDDDDWDD"
"896","RRRRRRRRRGDDDDDDDWDD"
"897","GGGGGGRRRGWWWWWWWDDD"
"898","GGGGGRRRRGDWWWWWWDDD"
"899","GGGGGRRRRGWDWWWWWDDD"
"900","GGGGRRRRRGDDWWWWWDDD"
"901","GGGGGRRRRGWWDWWWWDDD"
"902","GGGGRRRRRGDWDWWWWDDD"
"903","GGGGRRRRRGWDDWWWWDDD"
"904","GGGRRRRRRGDDDWWWWDDD"
"905","GGGGGRRRRGWWWDWWWDDD"
"906","GGGGRRRRRGDWWDWWWDDD"
"907","GGGGRRRRRGWDWDWWWDDD"
"908","GGGRRRRRRGDDWDWWWDDD"
"909","GGGGRRRRRGWWDDWWWDDD"
"910","GGGRRRRRRGDWDDWWWDDD"
"911","GGGRRRRRRGWDDDWWWDDD"
"912","GGRRRRRRRGDDDDWWWDDD"
"913","GGGGGRRRRGWWWWDWWDDD"
"914","GGGGRRRRRGDWWWDWWDDD"
"915","GGGGRRRRRGWDWWDWWDDD"
"916","GGGRRRRRRGDDWWDWWDDD"
"917","GGGGRRRRRGWWDWDWWDDD"
"918","GGGRRRRRRGDWDWDWWDDD"
"919","GGGRRRRRRGWDDWDWWDDD"
"920","GGRRRRRRRGDDDWDWWDDD"
"921","GGGGRRRRRGWWWDDWWDDD"
"922","GGGRRRRRRGDWWDDWWDDD"
"923","GGGRRRRRRGWDWDDWWDDD"
"924","GGRRRRRRRGDDWDDWWDDD"
"925","GGGRRRRRRGWWDDDWWDDD"
"926","GGRRRRRRRGDWDDDWWDDD"
"927","GGRRRRRRRGWDDDDWWDDD"
"928","GRRRRRRRRGDDDDDWWDDD"
"929","GGGGGRRRRGWWWWWDWDDD"
"930","GGGGRRRRRGDWWWWDWDDD"
"931","GGGGRRRRRGWDWWWDWDDD"
"932","GGGRRRRRRGDDWWWDWDDD"
"933","GGGGRRRRRGWWDWWDWDDD"
"934","GGGRRRRRRGDWDWWDWDDD"
"935","GGGRRRRRRGWDDWWDWDDD"
"936","GGRRRRRRRGDDDWWDWDDD"
"937","GGGGRRRRRGWWWDWDWDDD"
"938","GGGRRRRRRGDWWDWDWDDD"
"939","GGGRRRRRRGWDWDWDWDDD"
"940","GGRRRRRRRGDDWDWDWDDD"
"941","GGGRRRRRRGWWDDWDWDDD"
"942","GGRRRRRRRGDWDDWDWDDD"
"943","GGRRRRRRRGWDDDWDWDDD"
"944","GRRRRRRRRGDDDDWDWDDD"
"945","GGGGRRRRRGWWWWDDWDDD"
"946","GGGRRRRRRGDWWWDDWDDD"
"947","GGGRRRRRRGWDWWDDWDDD"
"948","GGRRRRRRRGDDWWDDWDDD"
"949","GGGRRRRRRGWWDWDDWDDD"
"950","GGRRRRRRRGDWDWDDWDDD"
"951","GGRRRRRRRGWDDWDDWDDD"
"952","GRRRRRRRRGDDDWDDWDDD"
"953","GGGRRRRRRGWWWDDDWDDD"
"954","GGRRRRRRRGDWWDDDWDDD"
"955","GGRRRRRRRGWDWDDDWDDD"
"956","GRRRRRRRRGDDWDDDWDDD"
"957","GGRRRRRRRGWWDDDDWDDD"
"958","GRRRRRRRRGDWDDDDWDDD"
"959","GRRRRRRRRGWDDDDDWDDD"
"960","RRRRRRRRRGDDDDDDWDDD"
"961","GGGGGRRRRGWWWWWWDDDD"
"962","GGGGRRRRRGDWWWWWDDDD"
"963","GGGGRRRRRGWDWWWWDDDD"
"964","GGGRRRRRRGDDWWWWDDDD"
"965","GGGGRRRRRGWWDWWWDDDD"
"966","GGGRRRRRRGDWDWWWDDDD"
"967","GGGRRRRRRGWDDWWWDDDD"
"968","GGRRRRRRRGDDDWWWDDDD"
"969","GGGGRRRRRGWWWDWWDDDD"
"970","GGGRRRRRRGDWWDWWDDDD"
"971","GGGRRRRRRGWDWDWWDDDD"
"972","GGRRRRRRRGDDWDWWDDDD"
"973","GGGRRRRRRGWWDDWWDDDD"
"974","GGRRRRRRRGDWDDWWDDDD"
"975","GGRRRRRRRGWDDDWWDDDD"
"976","GRRRRRRRRGDDDDWWDDDD"
"977","GGGGRRRRRGWWWWDWDDDD"
"978","GGGRRRRRRGDWWWDWDDDD"
"979","GGGRRRRRRGWDWWDWDDDD"
"980","GGRRRRRRRGDDWWDWDDDD"
"981","GGGRRRRRRGWWDWDWDDDD"
"982","GGRRRRRRRGDWDWDWDDDD"
"983","GGRRRRRRRGWDDWDWDDDD"
"984","GRRRRRRRRGDDDWDWDDDD"
"985","GGGRRRRRRGWWWDDWDDDD"
"986","GGRRRRRRRGDWWDDWDDDD"
"987","GGRRRRRRRGWDWDDWDDDD"
"988","GRRRRRRRRGDDWDDWDDDD"
"989","GGRRRRRRRGWWDDDWDDDD"
"990","GRRRRRRRRGDWDDDWDDDD"
"991","GRRRRRRRRGWDDDDWDDDD"
"992","RRRRRRRRRGDDDDDWDDDD"
"993","GGGGRRRRRGWWWWWDDDDD"
"994","GGGRRRRRRGDWWWWDDDDD"
"995","GGGRRRRRRGWDWWWDDDDD"
"996","GGRRRRRRRGDDWWWDDDDD"
"997","GGGRRRRRRGWWDWWDDDDD"
"998","GGRRRRRRRGDWDWWDDDDD"
"999","GGRRRRRRRGWDDWWDDDDD"
"1000","GRRRRRRRRGDDDWWDDDDD"
"1001","GGGRRRRRRGWWWDWDDDDD"
"1002","GGRRRRRRRGDWWDWDDDDD"
"1003","GGRRRRRRRGWDWDWDDDDD"
"1004","GRRRRRRRRGDDWDWDDDDD"
"1005","GGRRRRRRRGWWDDWDDDDD"
"1006","GRRRRRRRRGDWDDWDDDDD"
"1007","GRRRRRRRRGWDDDWDDDDD"
"1008","RRRRRRRRRGDDDDWDDDDD"
"1009","GGGRRRRRRGWWWWDDDDDD"
"1010","GGRRRRRRRGDWWWDDDDDD"
"1011","GGRRRRRRRGWDWWDDDDDD"
"1012","GRRRRRRRRGDDWWDDDDDD"
"1013","GGRRRRRRRGWWDWDDDDDD"
"1014","GRRRRRRRRGDWDWDDDDDD"
"1015","GRRRRRRRRGWDDWDDDDDD"
"1016","RRRRRRRRRGDDDWDDDDDD"
"1017","GGRRRRRRRGWWWDDDDDDD"
"1018","GRRRRRRRRGDWWDDDDDDD"
"1019","GRRRRRRRRGWDWDDDDDDD"
"1020","RRRRRRRRRGDDWDDDDDDD"
"1021","GRRRRRRRRGWWDDDDDDDD"
"1022","RRRRRRRRRGDWDDDDDDDD"
"1023","RRRRRRRRRGWDDDDDDDDD"
"1024","RRRRRRRRRRDDDDDDDDDD"
